element,python_blank,python_scale,python_model,api_blank,api_scale,api_model,blank_diff,scale_diff
Pb 220.353,-61209.48699438074,1.0,A,-103419.812518164,0.999835870334433,A,42210.32552378326,0.00016412966556700326
B 249.678,-5597.7887964547535,1.0,A,230.143414691793,0.999999915417095,A,5827.932211146546,8.458290501334176e-08
B 249.772,-5796.726361147786,1.0,A,-9826.84154694595,1.00004393015799,A,4030.115185798165,4.393015798997979e-05
Fe 259.940,-3269.1750368847624,0.9999999949999997,A,-761.79536754262,1.0845736672514,A,2507.3796693421423,0.08457367225140022
Mg 279.553,-1919.1361332446306,0.899066717383714,A,445.55419098617,0.999232350267222,A,2364.690324230801,0.100165632883508
Mg 285.213,90.03870263983146,0.9999999991356733,A,-1347.89492035669,1.08093392266103,A,1437.9336229965213,0.08093392352535667
Ca 317.933,215.86144403669164,0.999999995,A,1311.32459450163,1.22653058284649,A,1095.4631504649383,0.22653058784649005
K 769.897,-444.7260858613355,0.9999999906745232,A,290.181521828547,1.00006095854048,A,734.9076076898825,6.096786595688464e-05
K 766.491,376.9205793654391,0.999999995,A,-341.595646559474,0.999014987653885,A,718.5162259249131,0.0009850073461150632
S 180.669,155.3860239680948,1.0194784325432842,A,653.739660487002,1.12108337081399,C,498.35363651890714,0.10160493827070582
In 410.176,155.88924590347779,0.9999999999997754,A,-201.183811766735,1.00000852861422,A,357.0730576702128,8.528614444558436e-06
Ca 422.673,87.69047529808506,0.9999999948121785,A,438.00546136926,1.0,A,350.3149860711749,5.187821505714396e-09
Na 589.592,793.6468598443694,1.0282176843978508,A,474.0770726574594,1.00001067549899,A,319.56978718691,0.028207008898860852
Ga 417.204,116.54356707585526,0.999999999969124,A,272.669704292349,1.0,A,156.12613721649376,3.087596844864038e-11
U 385.957,69.09860371327059,0.9999999995407146,A,-86.1443221248675,0.999989733998292,A,155.2429258381381,1.0265542422560614e-05
Al 396.152,-630.7371159297408,0.9999999985484723,A,-778.00209352728,0.99736244425035,A,147.2649775975392,0.002637554298122291
Ga 287.423,140.73030038718568,0.9999999949999999,A,263.663080876096,1.0002187603243,A,122.93278048891031,0.00021876532430009643
Fe 238.204,-464.30904733632536,0.9999999979420778,A,-581.394134425609,0.999952742454581,A,117.0850870892836,4.7255487496844495e-05
Mg 280.270,206.56526674804238,1.09546265401761,A,92.0159336810394,1.03801814889133,A,114.54933306700298,0.057444505126279966
In 451.131,-21.133819503315813,0.9999999976672673,A,43.640290313672,1.05897268232898,A,64.77410981698782,0.05897268466171268
Cr 283.563,21.543275860247753,0.8283359895356333,A,76.6214949528678,0.999897117146708,A,55.07821909262005,0.17156112761107478
As 234.984,-82.99208307835428,1.0291062867761738,A,-135.2968857990992,1.00002719610835,A,52.3048027207449,0.02907909066782377
Al 308.215,371.45342866761706,0.9999999949999998,A,412.543449350463,0.999273663005906,A,41.09002068284593,0.0007263319940937762
Na 588.995,1400.697258733102,0.9907396247222705,A,1362.486446387845,1.0,A,38.210812345256954,0.009260375277729493
Ti 334.941,-131.33216600014316,0.9999999978489462,A,-105.730977163293,1.0,A,25.601188836850156,2.151053779542167e-09
Sr 407.771,-28.328793274820057,0.882205964188818,A,-3.68670783429426,0.999807439897644,A,24.642085440525797,0.11760147570882595
Bi 306.771,20.93554770658956,0.9999999987171801,A,43.0116122224837,1.0,A,22.07606451589414,1.2828198503456179e-09
Ca 396.847,-523.4559458167078,0.9995547862910587,A,-505.226813908063,1.0002959461675,A,18.229131908644774,0.0007411598764414107
Zn 202.548,13.790558131829137,0.8627734863019312,A,29.7129679583635,0.999996070310865,A,15.922409826534363,0.13722258400893383
Tl 276.789,-2.396441985226894,0.9999999999995749,A,-16.49022250457983,1.00044005115133,A,14.093780519352936,0.00044005115175516085
Th 283.730,16.005654723735216,0.9999999973244712,A,29.9808363265516,1.00195593962459,A,13.975181602816384,0.0019559423001188625
Sr 421.552,-6.515753837710379,0.9999999987550973,A,2.54133763949252,1.00000120889986,A,9.0570914772029,1.210144762731069e-06
Na 568.821,956.5709145171348,0.9883369949988959,A,948.047483278477,0.987016811564905,A,8.52343123865785,0.0013201834339909846
P 213.618,-104.5110791974582,0.9999999943322953,A,-96.6711543818669,0.999641226427057,A,7.839924815591303,0.0003587679052382553
S 181.972,80.12871246966336,1.0000030361272538,A,73.439110476174,1.05238899941698,A,6.689601993489362,0.05238596328972611
Ba 493.408,14.115323661813381,0.9999999968414648,A,7.7236121042466,0.999906629460597,A,6.391711557566781,9.33673808677371e-05
Bi 223.061,47.9265188225218,0.9999999949999999,A,41.9673253461984,1.0,A,5.959193476323399,5.000000080634948e-09
Ti 337.280,-126.10362537004434,0.9999999989495088,A,-131.515794859819,0.999962951219853,A,5.412169489774669,3.7047729655736994e-05
Co 230.786,-4.913080565447651,0.8488616670355302,A,-0.61922073500952,0.984415306436021,A,4.293859830438131,0.1355536394004908
Cr 267.716,2.1066908156795057,0.8236131763728929,A,5.7863915068647,0.745471354814852,B,3.679700691185194,0.07814182155804084
As 188.980,5.637193551181031,1.00665287242514,A,2.9027520137618,1.0,A,2.7344415374192312,0.006652872425140011
Ag 328.068,0.4583710278840709,0.9999999962283636,A,3.163085638335737,1.0,A,2.704714610451666,3.771636447602589e-09
Ce 446.021,4.7289521881966845,0.9999999970520504,A,2.3781358123582,1.0000262821145,A,2.3508163758384844,2.6285062449615815e-05
Mn 259.372,12.753080610127723,0.9999999960661471,A,15.01599364722885,1.00002355950222,A,2.262913037101127,2.356343607290423e-05
Cd 214.439,-1.7899948424359806,0.999999995096736,A,0.31681920204566,1.10462587764516,A,2.1068140444816406,0.10462588254842409
Li 670.783,-8.485508838462238,0.9999999992454314,A,-6.39535363341738,1.0,A,2.0901552050448577,7.545686298016108e-10
Li 610.365,10.476474514974068,1.0001584499940381,A,8.4325361911874,1.00068881529549,A,2.0439383237866675,0.0005303653014518961
Cd 226.502,3.296917614764194,0.9999999973542979,A,1.29203494329216,0.998987328461633,A,2.004882671472034,0.0010126688926649363
Ag 338.289,2.3355061642170876,0.9999999990339251,A,0.40343256800203,0.972614528100033,A,1.9320735962150577,0.027385470933892098
La 333.749,4.670653206644643,0.999999993269476,A,6.575510477214865,0.999018679085125,A,1.904857270570222,0.0009813141843509898
Cu 324.754,-19.89079878550099,0.999999998025102,A,-18.0917250151965,1.0,B,1.7990737703044921,1.9748980228939672e-09
Mn 257.610,-21.36302756943481,1.0,A,-19.6555906234155,1.0,A,1.7074369460193104,0.0
P 214.914,78.19936284317595,1.0,A,76.5522600462173,1.00118544556189,A,1.6471027969586487,0.0011854455618900417
Ba 455.403,2.4281159689929277,0.9999999962438149,A,3.94819180166645,1.0,A,1.5200758326735224,3.756185140701973e-09
Tl 351.923,-21.310105157356393,0.9999999999992885,A,-19.8363729074276,1.0,A,1.4737322499287941,7.115419364822628e-13
Th 401.913,-2.962085957385556,0.8630678385431856,A,-4.25477178851694,0.700012463142741,B,1.2926858311313838,0.16305537540044457
Mo 284.824,-8.494993926158692,0.9998944681366846,A,-9.728626383107,0.909005781991485,A,1.2336324569483086,0.09088868614519963
Cu 327.395,-12.62693270434517,0.9860951964588484,A,-11.5181845581309,1.02021465451553,A,1.1087481462142712,0.034119458056681595
Ce 418.659,0.34858976152699306,0.9999999941690693,A,1.1822255401135,0.999507665018067,A,0.833635778586507,0.0004923291510022798
La 408.671,6.170789085234912,0.9999999950000003,A,5.40136038350048,1.00000844035969,A,0.7694287017344319,8.445359689801535e-06
Zn 213.857,14.828467993281773,0.9999999991734271,A,15.25844044567902,1.0,A,0.42997245239724613,8.265729212197925e-10
Ni 230.299,-0.6631625736776137,1.0002145303563157,A,-0.369601095284766,1.03523073307842,A,0.2935614783928477,0.03501620272210437
Sn 283.998,10.602594400775875,0.9999999999999845,A,10.8763333435009,1.00067215537164,A,0.27373894272502497,0.0006721553716555473
Y 371.029,-0.6774966940844418,0.999999995,A,-0.94777753496105,1.0,A,0.2702808408766082,4.999999969612645e-09
Y 377.433,-1.112858096734175,0.9999999957359619,A,-1.34861466110711,1.00035360454357,A,0.2357565643729349,0.00035360880760804125
Y 360.074,-0.9324101625280752,0.9999999989333935,A,-0.70059537398311,1.0,A,0.23181478854496518,1.0666064698128253e-09
Mo 281.615,145.41848897194828,0.9999999989927457,A,145.191866439726,1.00002372745994,A,0.22662253222227946,2.3728467194228386e-05
Th 335.123,-7.125430315011796,0.9999999961005708,A,-7.2399091807503,0.999800762206308,A,0.11447886573850408,0.0001992338942627958
Ni 231.604,10.05667534777264,1.1444561380632927,A,10.14575008675437,1.1457934777575,A,0.08907473898173102,0.0013373396942073512
Co 231.160,-1.2893812387973107,1.0001479103879325,A,-1.358988591266266,0.9999475955621,A,0.06960735246895533,0.00020031482583249272
Sb 217.582,7.401291904862147,0.9999999960512678,A,7.33205558532616,0.941678527985594,A,0.06923631953598619,0.05832146806567373
U 409.013,13.988352850459147,0.9999996865686087,A,14.0572980172351,1.0,A,0.06894516677595242,3.1343139128559017e-07
V 309.310,-98.88907561747818,0.9999999980219606,A,-98.837227733166,1.00043684124461,A,0.051847884312181236,0.0004368432226494745
Sc 357.253,11.528838169119041,0.9999999989190185,A,11.56775952996399,1.0,A,0.038921360844948794,1.0809815265133693e-09
V 311.837,-14.489892177267283,0.9999999944990753,A,-14.4639191883642,1.00005167686159,A,0.025972988903083305,5.168236251462677e-05
Sc 361.383,-0.09253649577050227,0.9999999969181395,A,-0.11762949908072,0.999718255394701,A,0.02509300331021773,0.00028174152343840575
Yb 369.419,0.10388610449673759,0.999999995,A,0.096406458401027,1.0,A,0.007479646095710585,4.999999969612645e-09
Sb 206.834,20.574056753430916,1.0375894095350042,A,20.5677296152932,1.00002576774807,A,0.006327138137717014,0.037563641786934276
Sn 189.925,-9.793843581655745,0.7,C,-9.7876210488273,0.700000026031794,C,0.006222532828445537,2.6031794053693602e-08
Co 228.615,1.822132968115606,1.0269977285984764,A,1.82424199248988,1.0277653365429,A,0.002109024374274071,0.0007676079444236539
Yb 328.937,0.15337553977155455,1.0088616668148402,A,0.154040556668466,1.01014746902982,A,0.0006650168969114523,0.0012858022149797588
Pb 405.781,7.761953277657554,1.0,B,7.7623187745012,1.0,B,0.00036549684364572954,0.0
